"3.1", "added", "base64.decodebytes"
"3.1", "added", "base64.encodebytes"
"3.1", "added", "bytearray.maketrans"
"3.1", "added", "bytes.maketrans"
"3.1", "added", "collections.Counter"
"3.1", "added", "collections.OrderedDict"
"3.1", "added", "gc.is_tracked"
"3.1", "added", "importlib"
"3.1", "added", "io.SEEK_CUR"
"3.1", "added", "io.SEEK_END"
"3.1", "added", "io.SEEK_SET"
"3.1", "added", "itertools.combinations_with_replacement"
"3.1", "added", "itertools.compress"
"3.1", "added", "logging.handlers.NullHandler"
"3.1", "added", "subprocess.check_output"
"3.1", "added", "sys.float_repr_style"
"3.1", "added", "sys.int_info"
"3.1", "added", "unittest.SkipTest"
"3.1", "added", "unittest.expectedFailure"
"3.1", "added", "unittest.skip"
"3.1", "added", "unittest.skipIf"
"3.1", "added", "unittest.skipUnless"
"3.2", "added", "_thread.TIMEOUT_MAX"
"3.2", "added", "abc.abstractclassmethod"
"3.2", "added", "abc.abstractstaticmethod"
"3.2", "added", "argparse"
"3.2", "added", "cmath.isfinite"
"3.2", "added", "compileall.compile_file"
"3.2", "added", "concurrent.futures"
"3.2", "added", "contextlib.ContextDecorator"
"3.2", "added", "csv.unix_dialect"
"3.2", "added", "ctypes.c_ssize_t"
"3.2", "added", "datetime.timezone"
"3.2", "added", "dis.code_info"
"3.2", "added", "dis.show_code"
"3.2", "added", "ftplib.FTP_TLS"
"3.2", "added", "functools.cmp_to_key"
"3.2", "added", "functools.lru_cache"
"3.2", "added", "functools.total_ordering"
"3.2", "added", "gzip.compress"
"3.2", "added", "gzip.decompress"
"3.2", "added", "hashlib.algorithms_available"
"3.2", "added", "hashlib.algorithms_guaranteed"
"3.2", "added", "html.escape"
"3.2", "added", "inspect.getattr_static"
"3.2", "added", "inspect.getcallargs"
"3.2", "added", "inspect.getgeneratorstate"
"3.2", "added", "itertools.accumulate"
"3.2", "added", "logging.config.dictConfig"
"3.2", "added", "logging.getLogRecordFactory"
"3.2", "added", "logging.handlers.QueueHandler"
"3.2", "added", "logging.handlers.QueueListener"
"3.2", "added", "logging.lastResort"
"3.2", "added", "logging.setLogRecordFactory"
"3.2", "added", "math.erf"
"3.2", "added", "math.erfc"
"3.2", "added", "math.expm1"
"3.2", "added", "math.gamma"
"3.2", "added", "math.isfinite"
"3.2", "added", "math.lgamma"
"3.2", "added", "nntplib.NNTP_SSL"
"3.2", "added", "os.environb"
"3.2", "added", "os.fsdecode"
"3.2", "added", "os.fsencode"
"3.2", "added", "os.get_exec_path"
"3.2", "added", "os.getenvb"
"3.2", "added", "os.getresgid"
"3.2", "added", "os.getresuid"
"3.2", "added", "os.initgroups"
"3.2", "added", "os.setresgid"
"3.2", "added", "os.setresuid"
"3.2", "added", "os.supports_bytes_environ"
"3.2", "added", "reprlib.recursive_repr"
"3.2", "added", "resource.RUSAGE_THREAD"
"3.2", "added", "runpy.run_path"
"3.2", "added", "select.PIPE_BUF"
"3.2", "added", "shutil.get_archive_formats"
"3.2", "added", "shutil.get_unpack_formats"
"3.2", "added", "shutil.make_archive"
"3.2", "added", "shutil.register_archive_format"
"3.2", "added", "shutil.register_unpack_format"
"3.2", "added", "shutil.unpack_archive"
"3.2", "added", "shutil.unregister_archive_format"
"3.2", "added", "shutil.unregister_unpack_format"
"3.2", "added", "signal.CTRL_BREAK_EVENT"
"3.2", "added", "signal.CTRL_C_EVENT"
"3.2", "added", "site.getsitepackages"
"3.2", "added", "site.getuserbase"
"3.2", "added", "site.getusersitepackages"
"3.2", "added", "socket.SOCK_CLOEXEC"
"3.2", "added", "socket.SOCK_NONBLOCK"
"3.2", "added", "ssl.HAS_SNI"
"3.2", "added", "ssl.OPENSSL_VERSION"
"3.2", "added", "ssl.OPENSSL_VERSION_INFO"
"3.2", "added", "ssl.OPENSSL_VERSION_NUMBER"
"3.2", "added", "ssl.OP_ALL"
"3.2", "added", "ssl.OP_NO_SSLv2"
"3.2", "added", "ssl.OP_NO_SSLv3"
"3.2", "added", "ssl.OP_NO_TLSv1"
"3.2", "added", "ssl.SSLContext"
"3.2", "added", "ssl.match_hostname"
"3.2", "added", "sys._xoptions"
"3.2", "added", "sys.abi_flags"
"3.2", "added", "sys.getswitchinterval"
"3.2", "added", "sys.hash_info"
"3.2", "added", "sys.setswitchinterval"
"3.2", "added", "sysconfig"
"3.2", "added", "tempfile.TemporaryDirectory"
"3.2", "added", "threading.Barrier"
"3.2", "added", "threading.TIMEOUT_MAX"
"3.2", "added", "tokenize.open"
"3.2", "added", "unittest.TextTestResult"
"3.2", "added", "unittest.installHandler"
"3.2", "added", "unittest.registerResult"
"3.2", "added", "unittest.removeHandler"
"3.2", "added", "unittest.removeResult"
"3.2", "added", "urllib.parse.DefragResult"
"3.2", "added", "urllib.parse.DefragResultBytes"
"3.2", "added", "urllib.parse.ParseResultBytes"
"3.2", "added", "urllib.parse.SplitResultBytes"
"3.2", "added", "winreg.CreateKeyEx"
"3.2", "added", "winreg.DeleteKeyEx"
"3.2", "added", "wsgiref.handlers.IISCGIHandler"
"3.2", "added", "wsgiref.handlers.read_environ"
"3.2", "added", "xml.etree.ElementTree.fromstringlist"
"3.2", "added", "xml.etree.ElementTree.register_namespace"
"3.2", "added", "xml.etree.ElementTree.tostringlist"
"3.2", "added", "xml.parsers.expat.errors.codes"
"3.2", "added", "xml.parsers.expat.errors.messages"
"3.2", "deprecated", "optparse"
"3.2", "deprecated", "zipfile.BadZipFile"
"3.3", "added", "bz2.open"
"3.3", "added", "collections.ChainMap"
"3.3", "added", "collections.abc"
"3.3", "added", "concurrent.futures.process.BrokenProcessPool"
"3.3", "added", "concurrent.futures.process.BrokenProcessPool"
"3.3", "added", "contextlib.ExitStack"
"3.3", "added", "crypt.METHOD_CRYPT"
"3.3", "added", "crypt.METHOD_MD5"
"3.3", "added", "crypt.METHOD_SHA256"
"3.3", "added", "crypt.METHOD_SHA512"
"3.3", "added", "crypt.methods"
"3.3", "added", "crypt.mksalt"
"3.3", "added", "curses.unget_wch"
"3.3", "added", "faulthandler"
"3.3", "added", "gc.callbacks"
"3.3", "added", "hmac.compare_digest"
"3.3", "added", "html.entities.html5"
"3.3", "added", "html.entities.html5"
"3.3", "added", "importlib.abc.FileLoader"
"3.3", "added", "importlib.abc.MetaPathFinder"
"3.3", "added", "importlib.abc.PathEntryFinder"
"3.3", "added", "importlib.find_loader"
"3.3", "added", "importlib.invalidate_caches"
"3.3", "added", "importlib.machinery.BYTECODE_SUFFIXES"
"3.3", "added", "importlib.machinery.DEBUG_BYTECODE_SUFFIXES"
"3.3", "added", "importlib.machinery.EXTENSION_SUFFIXES"
"3.3", "added", "importlib.machinery.ExtensionFileLoader"
"3.3", "added", "importlib.machinery.FileFinder"
"3.3", "added", "importlib.machinery.OPTIMIZED_BYTECODE_SUFFIXES"
"3.3", "added", "importlib.machinery.SOURCE_SUFFIXES"
"3.3", "added", "importlib.machinery.SourceFileLoader"
"3.3", "added", "importlib.machinery.SourcelessFileLoader"
"3.3", "added", "importlib.machinery.WindowsRegistryFinder"
"3.3", "added", "importlib.machinery.all_suffixes"
"3.3", "added", "importlib.util.resolve_name"
"3.3", "added", "inspect.BoundArguments"
"3.3", "added", "inspect.Parameter"
"3.3", "added", "inspect.Signature"
"3.3", "added", "inspect.getclosurevars"
"3.3", "added", "inspect.getgeneratorlocals"
"3.3", "added", "inspect.signature"
"3.3", "added", "ipaddress"
"3.3", "added", "lzma"
"3.3", "added", "math.log2"
"3.3", "added", "multiprocessing.Barrier"
"3.3", "added", "multiprocessing.connection.wait"
"3.3", "added", "os.CLD_CONTINUED"
"3.3", "added", "os.CLD_DUMPED"
"3.3", "added", "os.CLD_EXITED"
"3.3", "added", "os.CLD_TRAPPED"
"3.3", "added", "os.F_LOCK"
"3.3", "added", "os.F_TEST"
"3.3", "added", "os.F_TLOCK"
"3.3", "added", "os.F_ULOCK"
"3.3", "added", "os.O_CLOEXEC"
"3.3", "added", "os.POSIX_FADV_DONTNEED"
"3.3", "added", "os.POSIX_FADV_NOREUSE"
"3.3", "added", "os.POSIX_FADV_NORMAL"
"3.3", "added", "os.POSIX_FADV_RANDOM"
"3.3", "added", "os.POSIX_FADV_SEQUENTIAL"
"3.3", "added", "os.POSIX_FADV_WILLNEED"
"3.3", "added", "os.PRIO_PGRP"
"3.3", "added", "os.PRIO_PROCESS"
"3.3", "added", "os.PRIO_USER"
"3.3", "added", "os.P_ALL"
"3.3", "added", "os.P_PGID"
"3.3", "added", "os.P_PID"
"3.3", "added", "os.RTLD_DEEPBIND"
"3.3", "added", "os.RTLD_GLOBAL"
"3.3", "added", "os.RTLD_LAZY"
"3.3", "added", "os.RTLD_LOCAL"
"3.3", "added", "os.RTLD_NODELETE"
"3.3", "added", "os.RTLD_NOLOAD"
"3.3", "added", "os.RTLD_NOW"
"3.3", "added", "os.SCHED_BATCH"
"3.3", "added", "os.SCHED_FIFO"
"3.3", "added", "os.SCHED_IDLE"
"3.3", "added", "os.SCHED_OTHER"
"3.3", "added", "os.SCHED_RESET_ON_FORK"
"3.3", "added", "os.SCHED_RR"
"3.3", "added", "os.SCHED_SPORADIC"
"3.3", "added", "os.SEEK_DATA"
"3.3", "added", "os.SEEK_HOLE"
"3.3", "added", "os.SF_MNOWAIT"
"3.3", "added", "os.SF_NODISKIO"
"3.3", "added", "os.SF_SYNC"
"3.3", "added", "os.WEXITED"
"3.3", "added", "os.WSTOPPED"
"3.3", "added", "os.XATTR_CREATE"
"3.3", "added", "os.XATTR_REPLACE"
"3.3", "added", "os.XATTR_SIZE_MAX"
"3.3", "added", "os.fwalk"
"3.3", "added", "os.get_terminal_size"
"3.3", "added", "os.getgrouplist"
"3.3", "added", "os.getpriority"
"3.3", "added", "os.getxattr"
"3.3", "added", "os.listxattr"
"3.3", "added", "os.lockf"
"3.3", "added", "os.pipe2"
"3.3", "added", "os.posix_fadvise"
"3.3", "added", "os.posix_fallocate"
"3.3", "added", "os.pread"
"3.3", "added", "os.pwrite"
"3.3", "added", "os.readv"
"3.3", "added", "os.removexattr"
"3.3", "added", "os.replace"
"3.3", "added", "os.rmdir"
"3.3", "added", "os.sched_get_priority_max"
"3.3", "added", "os.sched_get_priority_min"
"3.3", "added", "os.sched_getaffinity"
"3.3", "added", "os.sched_getparam"
"3.3", "added", "os.sched_getscheduler"
"3.3", "added", "os.sched_param"
"3.3", "added", "os.sched_rr_get_interval"
"3.3", "added", "os.sched_setaffinity"
"3.3", "added", "os.sched_setparam"
"3.3", "added", "os.sched_setscheduler"
"3.3", "added", "os.sched_yield"
"3.3", "added", "os.sendfile"
"3.3", "added", "os.setpriority"
"3.3", "added", "os.setxattr"
"3.3", "added", "os.supports_dir_fd"
"3.3", "added", "os.supports_effective_ids"
"3.3", "added", "os.supports_fd"
"3.3", "added", "os.supports_follow_symlinks"
"3.3", "added", "os.sync"
"3.3", "added", "os.terminal_size"
"3.3", "added", "os.truncate"
"3.3", "added", "os.unlink"
"3.3", "added", "os.waitid"
"3.3", "added", "os.writev"
"3.3", "added", "select.devpoll"
"3.3", "added", "shlex.quote"
"3.3", "added", "shutil.chown"
"3.3", "added", "shutil.disk_usage"
"3.3", "added", "shutil.get_terminal_size"
"3.3", "added", "shutil.rmtree.avoids_symlink_attacks"
"3.3", "added", "shutil.which"
"3.3", "added", "signal.SIG_BLOCK"
"3.3", "added", "signal.SIG_SETMASK"
"3.3", "added", "signal.SIG_UNBLOCK"
"3.3", "added", "signal.pthread_kill"
"3.3", "added", "signal.pthread_sigmask"
"3.3", "added", "signal.sigpending"
"3.3", "added", "signal.sigtimedwait"
"3.3", "added", "signal.sigwait"
"3.3", "added", "signal.sigwaitinfo"
"3.3", "added", "socket.AF_RDS"
"3.3", "added", "socket.CMSG_LEN"
"3.3", "added", "socket.CMSG_SPACE"
"3.3", "added", "socket.fromshare"
"3.3", "added", "socket.if_indextoname"
"3.3", "added", "socket.if_nameindex"
"3.3", "added", "socket.if_nametoindex"
"3.3", "added", "socket.sethostname"
"3.3", "added", "ssl.CHANNEL_BINDING_TYPES"
"3.3", "added", "ssl.HAS_ECDH"
"3.3", "added", "ssl.HAS_NPN"
"3.3", "added", "ssl.OP_CIPHER_SERVER_PREFERENCE"
"3.3", "added", "ssl.OP_NO_COMPRESSION"
"3.3", "added", "ssl.OP_SINGLE_DH_USE"
"3.3", "added", "ssl.OP_SINGLE_ECDH_USE"
"3.3", "added", "ssl.RAND_bytes"
"3.3", "added", "ssl.RAND_pseudo_bytes"
"3.3", "added", "ssl.SSLEOFError"
"3.3", "added", "ssl.SSLSyscallError"
"3.3", "added", "ssl.SSLWantReadError"
"3.3", "added", "ssl.SSLWantWriteError"
"3.3", "added", "ssl.SSLZeroReturnError"
"3.3", "added", "stat.filemode"
"3.3", "added", "subprocess.DEVNULL"
"3.3", "added", "subprocess.SubprocessError"
"3.3", "added", "subprocess.TimeoutExpired"
"3.3", "added", "sys._debugmallocstats"
"3.3", "added", "sys.base_exec_prefix"
"3.3", "added", "sys.base_prefix"
"3.3", "added", "sys.implementation"
"3.3", "added", "sys.thread_info"
"3.3", "added", "textwrap.indent"
"3.3", "added", "threading.get_ident"
"3.3", "added", "time.CLOCK_HIGHRES"
"3.3", "added", "time.CLOCK_MONOTONIC"
"3.3", "added", "time.CLOCK_MONOTONIC_RAW"
"3.3", "added", "time.CLOCK_PROCESS_CPUTIME_ID"
"3.3", "added", "time.CLOCK_REALTIME"
"3.3", "added", "time.CLOCK_THREAD_CPUTIME_ID"
"3.3", "added", "time.clock_getres"
"3.3", "added", "time.clock_gettime"
"3.3", "added", "time.clock_settime"
"3.3", "added", "time.get_clock_info"
"3.3", "added", "time.monotonic"
"3.3", "added", "time.perf_counter"
"3.3", "added", "time.process_time"
"3.3", "added", "types.MappingProxyType"
"3.3", "added", "types.SimpleNamespace"
"3.3", "added", "types.new_class"
"3.3", "added", "types.prepare_class"
"3.3", "added", "unittest.mock"
"3.3", "added", "venv"
"3.3", "added", "xml.etree.ElementTree.canonicalize"
"3.3", "added", "zipfile.ZIP_BZIP2"
"3.3", "added", "zipfile.ZIP_LZMA"
"3.3", "added", "zlib.ZLIB_RUNTIME_VERSION"
"3.3", "deprecated", "abc.abstractclassmethod"
"3.3", "deprecated", "abc.abstractproperty"
"3.3", "deprecated", "abc.abstractstaticmethod"
"3.3", "deprecated", "importlib.abc.Finder"
"3.3", "deprecated", "pkgutil.ImpImporter"
"3.3", "deprecated", "pkgutil.ImpLoader"
"3.4", "added", "abc.ABC"
"3.4", "added", "abc.get_cache_token"
"3.4", "added", "asyncio"
"3.4", "added", "audioop.byteswap"
"3.4", "added", "base64.a85decode"
"3.4", "added", "base64.a85encode"
"3.4", "added", "base64.b85decode"
"3.4", "added", "base64.b85encode"
"3.4", "added", "contextlib.redirect_stdout"
"3.4", "added", "contextlib.suppress"
"3.4", "added", "dis.Bytecode"
"3.4", "added", "dis.Instruction"
"3.4", "added", "dis.get_instructions"
"3.4", "added", "dis.stack_effect"
"3.4", "added", "doctest.FAIL_FAST"
"3.4", "added", "email.as_bytes"
"3.4", "added", "ensurepip"
"3.4", "added", "enum"
"3.4", "added", "filecmp.DEFAULT_IGNORES"
"3.4", "added", "filecmp.clear_cache"
"3.4", "added", "functools.partialmethod"
"3.4", "added", "functools.singledispatch"
"3.4", "added", "gc.get_stats"
"3.4", "added", "glob.escape"
"3.4", "added", "hashlib.pbkdf2_hmac"
"3.4", "added", "html.unescape"
"3.4", "added", "importlib.machinery.ModuleSpec"
"3.4", "added", "importlib.reload"
"3.4", "added", "importlib.util.MAGIC_NUMBER"
"3.4", "added", "importlib.util.cache_from_source"
"3.4", "added", "importlib.util.decode_source"
"3.4", "added", "importlib.util.find_spec"
"3.4", "added", "importlib.util.source_from_cache"
"3.4", "added", "importlib.util.spec_from_file_location"
"3.4", "added", "importlib.util.spec_from_loader"
"3.4", "added", "inspect.unwrap"
"3.4", "added", "multiprocessing.get_all_start_methods"
"3.4", "added", "multiprocessing.get_context"
"3.4", "added", "multiprocessing.get_start_method"
"3.4", "added", "multiprocessing.set_start_method"
"3.4", "added", "operator.length_hint"
"3.4", "added", "os.cpu_count"
"3.4", "added", "os.get_handle_inheritable"
"3.4", "added", "os.get_inheritable"
"3.4", "added", "os.set_handle_inheritable"
"3.4", "added", "os.set_inheritable"
"3.4", "added", "pathlib"
"3.4", "added", "plistlib.FMT_BINARY"
"3.4", "added", "plistlib.FMT_XML"
"3.4", "added", "plistlib.dump"
"3.4", "added", "plistlib.dumps"
"3.4", "added", "plistlib.load"
"3.4", "added", "plistlib.loads"
"3.4", "added", "re.fullmatch"
"3.4", "added", "resource.RLIMIT_MSGQUEUE"
"3.4", "added", "resource.RLIMIT_NICE"
"3.4", "added", "resource.RLIMIT_NPTS"
"3.4", "added", "resource.RLIMIT_RTPRIO"
"3.4", "added", "resource.RLIMIT_RTTIME"
"3.4", "added", "resource.RLIMIT_SBSIZE"
"3.4", "added", "resource.RLIMIT_SIGPENDING"
"3.4", "added", "resource.RLIMIT_SWAP"
"3.4", "added", "resource.prlimit"
"3.4", "added", "selectors"
"3.4", "added", "shutil.SameFileError"
"3.4", "added", "socket.AF_LINK"
"3.4", "added", "socket.CAN_BCM"
"3.4", "added", "socket.CAN_BCM_RX_CHANGED"
"3.4", "added", "socket.CAN_BCM_RX_DELETE"
"3.4", "added", "socket.CAN_BCM_RX_READ"
"3.4", "added", "socket.CAN_BCM_RX_SETUP"
"3.4", "added", "socket.CAN_BCM_RX_STATUS"
"3.4", "added", "socket.CAN_BCM_RX_TIMEOUT"
"3.4", "added", "socket.CAN_BCM_TX_DELETE"
"3.4", "added", "socket.CAN_BCM_TX_EXPIRED"
"3.4", "added", "socket.CAN_BCM_TX_READ"
"3.4", "added", "socket.CAN_BCM_TX_SEND"
"3.4", "added", "socket.CAN_BCM_TX_SETUP"
"3.4", "added", "socket.CAN_BCM_TX_STATUS"
"3.4", "added", "ssl.ALERT_DESCRIPTION_ACCESS_DENIED"
"3.4", "added", "ssl.ALERT_DESCRIPTION_BAD_CERTIFICATE"
"3.4", "added", "ssl.ALERT_DESCRIPTION_BAD_CERTIFICATE_HASH_VALUE"
"3.4", "added", "ssl.ALERT_DESCRIPTION_BAD_CERTIFICATE_STATUS_RESPONSE"
"3.4", "added", "ssl.ALERT_DESCRIPTION_BAD_RECORD_MAC"
"3.4", "added", "ssl.ALERT_DESCRIPTION_CERTIFICATE_EXPIRED"
"3.4", "added", "ssl.ALERT_DESCRIPTION_CERTIFICATE_REVOKED"
"3.4", "added", "ssl.ALERT_DESCRIPTION_CERTIFICATE_UNKNOWN"
"3.4", "added", "ssl.ALERT_DESCRIPTION_CERTIFICATE_UNOBTAINABLE"
"3.4", "added", "ssl.ALERT_DESCRIPTION_CLOSE_NOTIFY"
"3.4", "added", "ssl.ALERT_DESCRIPTION_DECODE_ERROR"
"3.4", "added", "ssl.ALERT_DESCRIPTION_DECOMPRESSION_FAILURE"
"3.4", "added", "ssl.ALERT_DESCRIPTION_DECRYPT_ERROR"
"3.4", "added", "ssl.ALERT_DESCRIPTION_HANDSHAKE_FAILURE"
"3.4", "added", "ssl.ALERT_DESCRIPTION_ILLEGAL_PARAMETER"
"3.4", "added", "ssl.ALERT_DESCRIPTION_INSUFFICIENT_SECURITY"
"3.4", "added", "ssl.ALERT_DESCRIPTION_INTERNAL_ERROR"
"3.4", "added", "ssl.ALERT_DESCRIPTION_NO_RENEGOTIATION"
"3.4", "added", "ssl.ALERT_DESCRIPTION_PROTOCOL_VERSION"
"3.4", "added", "ssl.ALERT_DESCRIPTION_RECORD_OVERFLOW"
"3.4", "added", "ssl.ALERT_DESCRIPTION_UNEXPECTED_MESSAGE"
"3.4", "added", "ssl.ALERT_DESCRIPTION_UNKNOWN_CA"
"3.4", "added", "ssl.ALERT_DESCRIPTION_UNKNOWN_PSK_IDENTITY"
"3.4", "added", "ssl.ALERT_DESCRIPTION_UNRECOGNIZED_NAME"
"3.4", "added", "ssl.ALERT_DESCRIPTION_UNSUPPORTED_CERTIFICATE"
"3.4", "added", "ssl.ALERT_DESCRIPTION_UNSUPPORTED_EXTENSION"
"3.4", "added", "ssl.ALERT_DESCRIPTION_USER_CANCELLED"
"3.4", "added", "ssl.OP_NO_TLSv1_1"
"3.4", "added", "ssl.OP_NO_TLSv1_2"
"3.4", "added", "ssl.PROTOCOL_TLSv1_1"
"3.4", "added", "ssl.PROTOCOL_TLSv1_2"
"3.4", "added", "ssl.Purpose.CLIENT_AUTH"
"3.4", "added", "ssl.Purpose.SERVER_AUTH"
"3.4", "added", "ssl.VERIFY_CRL_CHECK_CHAIN"
"3.4", "added", "ssl.VERIFY_CRL_CHECK_LEAF"
"3.4", "added", "ssl.VERIFY_DEFAULT"
"3.4", "added", "ssl.VERIFY_X509_STRICT"
"3.4", "added", "ssl.create_default_context"
"3.4", "added", "ssl.enum_certificates"
"3.4", "added", "ssl.enum_crls"
"3.4", "added", "ssl.get_default_verify_paths"
"3.4", "added", "stat.S_IFDOOR"
"3.4", "added", "stat.S_IFPORT"
"3.4", "added", "stat.S_IFWHT"
"3.4", "added", "stat.S_ISDOOR"
"3.4", "added", "stat.S_ISPORT"
"3.4", "added", "stat.S_ISWHT"
"3.4", "added", "statistics"
"3.4", "added", "struct.iter_unpack"
"3.4", "added", "sys.__interactivehook__"
"3.4", "added", "sys.getallocatedblocks"
"3.4", "added", "textwrap.shorten"
"3.4", "added", "threading.main_thread"
"3.4", "added", "traceback.clear_frames"
"3.4", "added", "tracemalloc"
"3.4", "added", "types.DynamicClassAttribute"
"3.4", "added", "urllib.request.DataHandler"
"3.4", "added", "weakref.WeakMethod"
"3.4", "added", "weakref.finalize"
"3.4", "added", "xml.etree.ElementTree.XMLPullParser"
"3.4", "deprecated", "imp"
"3.4", "deprecated", "importlib.util.module_for_loader"
"3.4", "deprecated", "importlib.util.set_loader"
"3.4", "deprecated", "importlib.util.set_package"
"3.4.4", "added", "ssl.VERIFY_X509_TRUSTED_FIRST"
"3.5", "added", "cmath.isclose"
"3.5", "added", "codecs.namereplace_errors"
"3.5", "added", "collections.abc.AsyncIterable"
"3.5", "added", "collections.abc.AsyncIterator"
"3.5", "added", "collections.abc.Awaitable"
"3.5", "added", "collections.abc.Coroutine"
"3.5", "added", "collections.abc.Generator"
"3.5", "added", "contextlib.redirect_stderr"
"3.5", "added", "curses.update_lines_cols"
"3.5", "added", "difflib.diff_bytes"
"3.5", "added", "http.HTTPStatus"
"3.5", "added", "http.client.RemoteDisconnected"
"3.5", "added", "importlib.machinery.module_from_spec"
"3.5", "added", "importlib.util.LazyLoader"
"3.5", "added", "importlib.util.module_from_spec"
"3.5", "added", "inspect.CO_COROUTINE"
"3.5", "added", "inspect.CO_ITERABLE_COROUTINE"
"3.5", "added", "inspect.getcoroutinelocals"
"3.5", "added", "inspect.getcoroutinestate"
"3.5", "added", "inspect.isawaitable"
"3.5", "added", "inspect.iscoroutine"
"3.5", "added", "inspect.iscoroutinefunction"
"3.5", "added", "json.JSONDecodeError"
"3.5", "added", "linecache.lazycache"
"3.5", "added", "locale.delocalize"
"3.5", "added", "math.gcd"
"3.5", "added", "math.inf"
"3.5", "added", "math.isclose"
"3.5", "added", "math.nan"
"3.5", "added", "operator.__imatmul__"
"3.5", "added", "operator.__matmul__"
"3.5", "added", "operator.imatmul"
"3.5", "added", "operator.matmul"
"3.5", "added", "os.DirEntry"
"3.5", "added", "os.get_blocking"
"3.5", "added", "os.path.commonpath"
"3.5", "added", "os.path.commonpath"
"3.5", "added", "os.scandir"
"3.5", "added", "os.set_blocking"
"3.5", "added", "readline.append_history_file"
"3.5", "added", "selectors.DevpollSelector"
"3.5", "added", "signal.Handlers"
"3.5", "added", "signal.Sigmasks"
"3.5", "added", "signal.Signals"
"3.5", "added", "smtplib.SMTPNotSupportedError"
"3.5", "added", "socket.CAN_RAW_FD_FRAMES"
"3.5", "added", "ssl.HAS_ALPN"
"3.5", "added", "ssl.MemoryBIO"
"3.5", "added", "ssl.SSLObject"
"3.5", "added", "stat.FILE_ATTRIBUTE_ARCHIVE"
"3.5", "added", "stat.FILE_ATTRIBUTE_COMPRESSED"
"3.5", "added", "stat.FILE_ATTRIBUTE_DEVICE"
"3.5", "added", "stat.FILE_ATTRIBUTE_DIRECTORY"
"3.5", "added", "stat.FILE_ATTRIBUTE_ENCRYPTED"
"3.5", "added", "stat.FILE_ATTRIBUTE_HIDDEN"
"3.5", "added", "stat.FILE_ATTRIBUTE_INTEGRITY_STREAM"
"3.5", "added", "stat.FILE_ATTRIBUTE_NORMAL"
"3.5", "added", "stat.FILE_ATTRIBUTE_NOT_CONTENT_INDEXED"
"3.5", "added", "stat.FILE_ATTRIBUTE_NO_SCRUB_DATA"
"3.5", "added", "stat.FILE_ATTRIBUTE_OFFLINE"
"3.5", "added", "stat.FILE_ATTRIBUTE_READONLY"
"3.5", "added", "stat.FILE_ATTRIBUTE_REPARSE_POINT"
"3.5", "added", "stat.FILE_ATTRIBUTE_SPARSE_FILE"
"3.5", "added", "stat.FILE_ATTRIBUTE_SYSTEM"
"3.5", "added", "stat.FILE_ATTRIBUTE_TEMPORARY"
"3.5", "added", "stat.FILE_ATTRIBUTE_VIRTUAL"
"3.5", "added", "subprocess.CompletedProcess"
"3.5", "added", "subprocess.run"
"3.5", "added", "sys.is_finalizing"
"3.5", "added", "tempfile.gettempdirb"
"3.5", "added", "tempfile.gettempprefixb"
"3.5", "added", "test.support.detect_api_mismatch"
"3.5", "added", "token.ASYNC"
"3.5", "added", "token.AWAIT"
"3.5", "added", "traceback.FrameSummary"
"3.5", "added", "traceback.StackSummary"
"3.5", "added", "traceback.TracebackException"
"3.5", "added", "traceback.walk_stack"
"3.5", "added", "traceback.walk_tb"
"3.5", "added", "types.CoroutineType"
"3.5", "added", "types.coroutine"
"3.5", "added", "typing"
"3.5", "added", "urllib.request.HTTPPasswordMgrWithPriorAuth"
"3.5", "added", "zipapp"
"3.5", "deprecated", "importlib.machinery.DEBUG_BYTECODE_SUFFIXES"
"3.5", "deprecated", "importlib.machinery.OPTIMIZED_BYTECODE_SUFFIXES"
"3.5", "deprecated", "inspect.getcallargs"
"3.5.2", "added", "typing.AsyncIterable"
"3.5.2", "added", "typing.AsyncIterator"
"3.5.2", "added", "typing.Awaitable"
"3.5.2", "added", "typing.DefaultDict"
"3.5.2", "added", "typing.NewType"
"3.5.2", "added", "typing.TYPE_CHECKING"
"3.5.2", "added", "typing.Text"
"3.5.2", "added", "typing.Type"
"3.5.3", "added", "typing.ClassVar"
"3.5.3", "added", "typing.Coroutine"
"3.6", "added", "ast.Constant"
"3.6", "added", "asyncio.loop.shutdown_asyncgens"
"3.6", "added", "asyncio.run_coroutine_threadsafe"
"3.6", "added", "cmath.inf"
"3.6", "added", "cmath.infj"
"3.6", "added", "cmath.nan"
"3.6", "added", "cmath.nanj"
"3.6", "added", "cmath.tau"
"3.6", "added", "collections.abc.AsyncGenerator"
"3.6", "added", "collections.abc.Collection"
"3.6", "added", "collections.abc.Reversible"
"3.6", "added", "contextlib.AbstractContextManager"
"3.6", "added", "enum.Flag"
"3.6", "added", "enum.IntFlag"
"3.6", "added", "enum.auto"
"3.6", "added", "hashlib.blake2b"
"3.6", "added", "hashlib.blake2s"
"3.6", "added", "hashlib.scrypt"
"3.6", "added", "hashlib.sha3_224"
"3.6", "added", "hashlib.sha3_256"
"3.6", "added", "hashlib.sha3_384"
"3.6", "added", "hashlib.sha3_512"
"3.6", "added", "hashlib.shake_128"
"3.6", "added", "hashlib.shake_256"
"3.6", "added", "inspect.CO_ASYNC_GENERATOR"
"3.6", "added", "inspect.isasyncgen"
"3.6", "added", "inspect.isasyncgenfunction"
"3.6", "added", "math.tau"
"3.6", "added", "os.GRND_NONBLOCK"
"3.6", "added", "os.GRND_RANDOM"
"3.6", "added", "os.PathLike"
"3.6", "added", "os.fspath"
"3.6", "added", "os.getrandom"
"3.6", "added", "pkgutil.ModuleInfo"
"3.6", "added", "random.choices"
"3.6", "added", "readline.set_auto_history"
"3.6", "added", "secrets"
"3.6", "added", "select.EPOLLEXCLUSIVE"
"3.6", "added", "socket.AF_ALG"
"3.6", "added", "socket.SIO_LOOPBACK_FAST_PATH"
"3.6", "added", "socket.SOL_ALG"
"3.6", "added", "socket.SO_DOMAIN"
"3.6", "added", "socket.SO_PASSSEC"
"3.6", "added", "socket.SO_PEERSEC"
"3.6", "added", "socket.SO_PROTOCOL"
"3.6", "added", "socket.TCP_CONGESTION"
"3.6", "added", "socket.TCP_USER_TIMEOUT"
"3.6", "added", "ssl.AlertDescription"
"3.6", "added", "ssl.OP_NO_TICKET"
"3.6", "added", "ssl.PROTOCOL_TLS"
"3.6", "added", "ssl.PROTOCOL_TLS_CLIENT"
"3.6", "added", "ssl.PROTOCOL_TLS_SERVER"
"3.6", "added", "ssl.SSLErrorNumber"
"3.6", "added", "ssl.SSLSession"
"3.6", "added", "ssl.VerifyFlags"
"3.6", "added", "ssl.VerifyMode"
"3.6", "added", "statistics.harmonic_mean"
"3.6", "added", "sys._enablelegacywindowsfsencoding"
"3.6", "added", "sys.get_asyncgen_hooks"
"3.6", "added", "sys.getfilesystemencodeerrors"
"3.6", "added", "sys.set_asyncgen_hooks"
"3.6", "added", "test.support.check__all__"
"3.6", "added", "tracemalloc.DomainFilter"
"3.6", "added", "types.AsyncGeneratorType"
"3.6", "added", "typing.Collection"
"3.6", "added", "typing.ContextManager"
"3.6", "added", "winreg.REG_QWORD"
"3.6", "added", "winreg.REG_QWORD_LITTLE_ENDIAN"
"3.6", "deprecated", "asyncchat"
"3.6", "deprecated", "asyncore"
"3.6", "deprecated", "importlib.machinery.SourcelessFileLoader"
"3.6", "deprecated", "importlib.machinery.WindowsRegistryFinder"
"3.6", "deprecated", "smtpd"
"3.6", "deprecated", "ssl.OP_NO_SSLv2"
"3.6", "deprecated", "ssl.OP_NO_SSLv3"
"3.6", "deprecated", "ssl.OP_NO_TLSv1_3"
"3.6", "deprecated", "ssl.PROTOCOL_SSLv2"
"3.6", "deprecated", "ssl.PROTOCOL_SSLv23"
"3.6", "deprecated", "ssl.PROTOCOL_SSLv3"
"3.6", "deprecated", "ssl.PROTOCOL_TLSv1"
"3.6", "deprecated", "ssl.PROTOCOL_TLSv1_1"
"3.6", "deprecated", "ssl.PROTOCOL_TLSv1_2"
"3.6", "deprecated", "ssl.RAND_pseudo_bytes"
"3.6.1", "added", "typing.AsyncGenerator"
"3.6.1", "added", "typing.ChainMap"
"3.6.1", "added", "typing.Counter"
"3.6.1", "added", "typing.Deque"
"3.6.2", "added", "typing.AsyncContextManager"
"3.6.2", "added", "typing.NoReturn"
"3.7", "added", "asyncio.BufferedProtocol"
"3.7", "added", "asyncio.all_tasks"
"3.7", "added", "asyncio.create_task"
"3.7", "added", "asyncio.current_task"
"3.7", "added", "asyncio.get_running_loop"
"3.7", "added", "asyncio.run"
"3.7", "added", "concurrent.futures.BrokenExecutor"
"3.7", "added", "concurrent.futures.thread.BrokenThreadPool"
"3.7", "added", "concurrent.futures.thread.BrokenThreadPool"
"3.7", "added", "contextlib.AbstractAsyncContextManager"
"3.7", "added", "contextlib.AsyncExitStack"
"3.7", "added", "contextlib.asynccontextmanager"
"3.7", "added", "contextlib.nullcontext"
"3.7", "added", "contextvars"
"3.7", "added", "crypt.METHOD_BLOWFISH"
"3.7", "added", "curses.A_ITALIC"
"3.7", "added", "dataclasses"
"3.7", "added", "gc.freeze"
"3.7", "added", "gc.get_freeze_count"
"3.7", "added", "gc.unfreeze"
"3.7", "added", "hmac.digest"
"3.7", "added", "http.server.ThreadingHTTPServer"
"3.7", "added", "importlib.resources"
"3.7", "added", "importlib.util.source_hash"
"3.7", "added", "math.remainder"
"3.7", "added", "os.RWF_DSYNC"
"3.7", "added", "os.RWF_HIPRI"
"3.7", "added", "os.RWF_NOWAIT"
"3.7", "added", "os.RWF_SYNC"
"3.7", "added", "os.preadv"
"3.7", "added", "os.pwritev"
"3.7", "added", "os.register_at_fork"
"3.7", "added", "py_compile.PycInvalidationMode"
"3.7", "added", "queue.SimpleQueue"
"3.7", "added", "socket.AF_VSOCK"
"3.7", "added", "socket.CAN_ISOTP"
"3.7", "added", "socket.IOCTL_VM_SOCKETS_GET_LOCAL_CID"
"3.7", "added", "socket.TCP_NOTSENT_LOWAT"
"3.7", "added", "socket.close"
"3.7", "added", "ssl.HAS_NEVER_CHECK_COMMON_NAME"
"3.7", "added", "ssl.HAS_SSLv2"
"3.7", "added", "ssl.HAS_SSLv3"
"3.7", "added", "ssl.HAS_TLSv1"
"3.7", "added", "ssl.HAS_TLSv1_1"
"3.7", "added", "ssl.HAS_TLSv1_2"
"3.7", "added", "ssl.HAS_TLSv1_3"
"3.7", "added", "ssl.OP_NO_RENEGOTIATION"
"3.7", "added", "ssl.OP_NO_TLSv1_3"
"3.7", "added", "ssl.SSLCertVerificationError"
"3.7", "added", "ssl.TLSVersion"
"3.7", "added", "subprocess.ABOVE_NORMAL_PRIORITY_CLASS"
"3.7", "added", "subprocess.BELOW_NORMAL_PRIORITY_CLASS"
"3.7", "added", "subprocess.CREATE_BREAKAWAY_FROM_JOB"
"3.7", "added", "subprocess.CREATE_DEFAULT_ERROR_MODE"
"3.7", "added", "subprocess.CREATE_NO_WINDOW"
"3.7", "added", "subprocess.DETACHED_PROCESS"
"3.7", "added", "subprocess.HIGH_PRIORITY_CLASS"
"3.7", "added", "subprocess.IDLE_PRIORITY_CLASS"
"3.7", "added", "subprocess.NORMAL_PRIORITY_CLASS"
"3.7", "added", "subprocess.REALTIME_PRIORITY_CLASS"
"3.7", "added", "sys.__breakpointhook__"
"3.7", "added", "sys.breakpointhook"
"3.7", "added", "sys.get_coroutine_origin_tracking_depth"
"3.7", "added", "sys.getandroidapilevel"
"3.7", "added", "sys.set_coroutine_origin_tracking_depth"
"3.7", "added", "time.CLOCK_BOOTTIME"
"3.7", "added", "time.CLOCK_PROF"
"3.7", "added", "time.CLOCK_UPTIME"
"3.7", "added", "time.clock_gettime_ns"
"3.7", "added", "time.clock_settime_ns"
"3.7", "added", "time.monotonic_ns"
"3.7", "added", "time.perf_counter_ns"
"3.7", "added", "time.process_time_ns"
"3.7", "added", "time.pthread_getcpuclockid"
"3.7", "added", "time.thread_time"
"3.7", "added", "time.thread_time_ns"
"3.7", "added", "time.time_ns"
"3.7", "added", "token.COMMENT"
"3.7", "added", "token.ENCODING"
"3.7", "added", "token.NL"
"3.7", "added", "types.ClassMethodDescriptorType"
"3.7", "added", "types.MethodDescriptorType"
"3.7", "added", "types.MethodWrapperType"
"3.7", "added", "types.WrapperDescriptorType"
"3.7", "added", "types.resolve_bases"
"3.7", "added", "unittest.mock.seal"
"3.7", "added", "uuid.SafeUUID"
"3.7", "deprecated", "importlib.abc.ResourceLoader"
"3.7", "deprecated", "locale.format"
"3.7", "deprecated", "ssl.OP_NO_TLSv1"
"3.7", "deprecated", "ssl.OP_NO_TLSv1_1"
"3.7", "deprecated", "ssl.OP_NO_TLSv1_2"
"3.7", "deprecated", "ssl.match_hostname"
"3.7", "deprecated", "ssl.wrap_socket"
"3.7", "removed", "token.ASYNC"
"3.7", "removed", "token.AWAIT"
"3.7.2", "added", "typing.OrderedDict"
"3.7.4", "added", "typing.ForwardRef"
"3.8", "added", "_thread.get_native_id"
"3.8", "added", "ast.PyCF_ALLOW_TOP_LEVEL_AWAIT"
"3.8", "added", "ast.PyCF_TYPE_COMMENTS"
"3.8", "added", "ast.get_source_segment"
"3.8", "added", "concurrent.futures.InvalidStateError"
"3.8", "added", "curses.ncurses_version"
"3.8", "added", "fcntl.F_ADD_SEALS"
"3.8", "added", "fcntl.F_GET_SEALS"
"3.8", "added", "fcntl.F_SEAL_GROW"
"3.8", "added", "fcntl.F_SEAL_SEAL"
"3.8", "added", "fcntl.F_SEAL_SHRINK"
"3.8", "added", "fcntl.F_SEAL_WRITE"
"3.8", "added", "functools.cached_property"
"3.8", "added", "functools.singledispatchmethod"
"3.8", "added", "gettext.dnpgettext"
"3.8", "added", "gettext.dpgettext"
"3.8", "added", "gettext.npgettext"
"3.8", "added", "gettext.pgettext"
"3.8", "added", "gzip.BadGzipFile"
"3.8", "added", "importlib.metadata"
"3.8", "added", "io.open_code"
"3.8", "added", "math.comb"
"3.8", "added", "math.dist"
"3.8", "added", "math.isqrt"
"3.8", "added", "math.perm"
"3.8", "added", "math.prod"
"3.8", "added", "mmap.MADV_AUTOSYNC"
"3.8", "added", "mmap.MADV_CORE"
"3.8", "added", "mmap.MADV_DODUMP"
"3.8", "added", "mmap.MADV_DOFORK"
"3.8", "added", "mmap.MADV_DONTDUMP"
"3.8", "added", "mmap.MADV_DONTFORK"
"3.8", "added", "mmap.MADV_DONTNEED"
"3.8", "added", "mmap.MADV_FREE"
"3.8", "added", "mmap.MADV_FREE_REUSABLE"
"3.8", "added", "mmap.MADV_FREE_REUSE"
"3.8", "added", "mmap.MADV_HUGEPAGE"
"3.8", "added", "mmap.MADV_HWPOISON"
"3.8", "added", "mmap.MADV_MERGEABLE"
"3.8", "added", "mmap.MADV_NOCORE"
"3.8", "added", "mmap.MADV_NOHUGEPAGE"
"3.8", "added", "mmap.MADV_NORMAL"
"3.8", "added", "mmap.MADV_NOSYNC"
"3.8", "added", "mmap.MADV_PROTECT"
"3.8", "added", "mmap.MADV_RANDOM"
"3.8", "added", "mmap.MADV_REMOVE"
"3.8", "added", "mmap.MADV_SEQUENTIAL"
"3.8", "added", "mmap.MADV_SOFT_OFFLINE"
"3.8", "added", "mmap.MADV_UNMERGEABLE"
"3.8", "added", "mmap.MADV_WILLNEED"
"3.8", "added", "multiprocessing.parent_process"
"3.8", "added", "multiprocessing.shared_memory"
"3.8", "added", "multiprocessing.shared_memory"
"3.8", "added", "os.MFD_ALLOW_SEALING"
"3.8", "added", "os.MFD_CLOEXEC"
"3.8", "added", "os.MFD_HUGETLB"
"3.8", "added", "os.MFD_HUGE_16GB"
"3.8", "added", "os.MFD_HUGE_16MB"
"3.8", "added", "os.MFD_HUGE_1GB"
"3.8", "added", "os.MFD_HUGE_1MB"
"3.8", "added", "os.MFD_HUGE_256MB"
"3.8", "added", "os.MFD_HUGE_2GB"
"3.8", "added", "os.MFD_HUGE_2MB"
"3.8", "added", "os.MFD_HUGE_32MB"
"3.8", "added", "os.MFD_HUGE_512KB"
"3.8", "added", "os.MFD_HUGE_512MB"
"3.8", "added", "os.MFD_HUGE_64KB"
"3.8", "added", "os.MFD_HUGE_8MB"
"3.8", "added", "os.MFD_HUGE_MASK"
"3.8", "added", "os.MFD_HUGE_SHIFT"
"3.8", "added", "os.add_dll_directory"
"3.8", "added", "os.copy_file_range"
"3.8", "added", "os.memfd_create"
"3.8", "added", "os.posix_spawn"
"3.8", "added", "os.posix_spawnp"
"3.8", "added", "pickle.PickleBuffer"
"3.8", "added", "platform.win32_edition"
"3.8", "added", "platform.win32_is_iot"
"3.8", "added", "plistlib.UID"
"3.8", "added", "pprint.pp"
"3.8", "added", "shlex.join"
"3.8", "added", "signal.raise_signal"
"3.8", "added", "signal.strsignal"
"3.8", "added", "signal.valid_signals"
"3.8", "added", "socket.AF_QIPCRTR"
"3.8", "added", "socket.create_server"
"3.8", "added", "socket.has_dualstack_ipv6"
"3.8", "added", "ssl.OP_ENABLE_MIDDLEBOX_COMPAT"
"3.8", "added", "stat.IO_REPARSE_TAG_APPEXECLIN"
"3.8", "added", "stat.IO_REPARSE_TAG_MOUNT_POINT"
"3.8", "added", "stat.IO_REPARSE_TAG_SYMLINK"
"3.8", "added", "statistics.NormalDist"
"3.8", "added", "statistics.fmean"
"3.8", "added", "statistics.geometric_mean"
"3.8", "added", "statistics.multimode"
"3.8", "added", "statistics.quantiles"
"3.8", "added", "subprocess._USE_POSIX_SPAWN"
"3.8", "added", "sys.__unraisablehook__"
"3.8", "added", "sys.addaudithook"
"3.8", "added", "sys.audit"
"3.8", "added", "sys.pycache_prefix"
"3.8", "added", "sys.unraisablehook"
"3.8", "added", "test.support.catch_unraisable_exception"
"3.8", "added", "test.support.threading_helper.catch_threading_exception"
"3.8", "added", "test.support.warnings_helper.check_syntax_warning"
"3.8", "added", "threading.excepthook"
"3.8", "added", "threading.get_native_id"
"3.8", "added", "time.CLOCK_UPTIME_RAW"
"3.8", "added", "token.COLONEQUAL"
"3.8", "added", "token.TYPE_COMMENT"
"3.8", "added", "token.TYPE_IGNORE"
"3.8", "added", "types.CellType"
"3.8", "added", "typing.Final"
"3.8", "added", "typing.Literal"
"3.8", "added", "typing.Protocol"
"3.8", "added", "typing.SupportsIndex"
"3.8", "added", "typing.TypedDict"
"3.8", "added", "typing.final"
"3.8", "added", "typing.get_args"
"3.8", "added", "typing.get_origin"
"3.8", "added", "typing.runtime_checkable"
"3.8", "added", "unicodedata.is_normalized"
"3.8", "added", "unittest.IsolatedAsyncioTestCase"
"3.8", "added", "unittest.addModuleCleanup"
"3.8", "added", "unittest.doModuleCleanups"
"3.8", "added", "unittest.mock.AsyncMock"
"3.8", "added", "xml.etree.ElementTree.C14NWriterTarget"
"3.8", "added", "zipfile.Path"
"3.8", "deprecated", "ast.Bytes"
"3.8", "deprecated", "ast.Ellipsis"
"3.8", "deprecated", "ast.NameConstant"
"3.8", "deprecated", "ast.Num"
"3.8", "deprecated", "ast.Str"
"3.8", "deprecated", "typing.BinaryIO"
"3.8", "deprecated", "typing.IO"
"3.8", "deprecated", "typing.Match"
"3.8", "deprecated", "typing.Pattern"
"3.8", "deprecated", "typing.TextIO"
"3.9", "added", "argparse.BooleanOptionalAction"
"3.9", "added", "ast.unparse"
"3.9", "added", "asyncio.PidfdChildWatcher"
"3.9", "added", "asyncio.loop.shutdown_default_executor"
"3.9", "added", "asyncio.to_thread"
"3.9", "added", "curses.get_escdelay"
"3.9", "added", "curses.get_tabsize"
"3.9", "added", "curses.set_escdelay"
"3.9", "added", "curses.set_tabsize"
"3.9", "added", "decimal.HAVE_CONTEXTVAR"
"3.9", "added", "fcntl.F_GETPATH"
"3.9", "added", "fcntl.F_OFD_GETLK"
"3.9", "added", "fcntl.F_OFD_SETLK"
"3.9", "added", "fcntl.F_OFD_SETLKW"
"3.9", "added", "functools.cache"
"3.9", "added", "gc.is_finalized"
"3.9", "added", "graphlib"
"3.9", "added", "importlib.resources.as_file"
"3.9", "added", "importlib.resources.files"
"3.9", "added", "keyword.issoftkeyword"
"3.9", "added", "keyword.softkwlist"
"3.9", "added", "math.lcm"
"3.9", "added", "math.nextafter"
"3.9", "added", "math.ulp"
"3.9", "added", "os.CLD_KILLED"
"3.9", "added", "os.CLD_STOPPED"
"3.9", "added", "os.P_PIDFD"
"3.9", "added", "os.pidfd_open"
"3.9", "added", "os.putenv"
"3.9", "added", "os.unsetenv"
"3.9", "added", "os.waitstatus_to_exitcode"
"3.9", "added", "pkgutil.resolve_name"
"3.9", "added", "random.randbytes"
"3.9", "added", "signal.pidfd_send_signal"
"3.9", "added", "socket.CAN_J1939"
"3.9", "added", "socket.CAN_RAW_JOIN_FILTERS"
"3.9", "added", "socket.IPPROTO_UDPLITE"
"3.9", "added", "socket.recv_fds"
"3.9", "added", "socket.send_fds"
"3.9", "added", "sys.platlibdir"
"3.9", "added", "test.support.bytecode_helper"
"3.9", "added", "test.support.print_warning"
"3.9", "added", "test.support.socket_helper"
"3.9", "added", "test.support.wait_process"
"3.9", "added", "time.CLOCK_TAI"
"3.9", "added", "tracemalloc.reset_peak"
"3.9", "added", "types.GenericAlias"
"3.9", "added", "typing.Annotated"
"3.9", "added", "xml.etree.ElementTree.indent"
"3.9", "added", "zoneinfo"
"3.9", "deprecated", "ast.ExtSlice"
"3.9", "deprecated", "ast.Index"
"3.9", "deprecated", "decimal.HAVE_THREADS"
"3.9", "deprecated", "typing.AbstractSet"
"3.9", "deprecated", "typing.AsyncContextManager"
"3.9", "deprecated", "typing.AsyncGenerator"
"3.9", "deprecated", "typing.AsyncIterable"
"3.9", "deprecated", "typing.AsyncIterator"
"3.9", "deprecated", "typing.Awaitable"
"3.9", "deprecated", "typing.ByteString"
"3.9", "deprecated", "typing.Callable"
"3.9", "deprecated", "typing.ChainMap"
"3.9", "deprecated", "typing.Collection"
"3.9", "deprecated", "typing.Container"
"3.9", "deprecated", "typing.ContextManager"
"3.9", "deprecated", "typing.Coroutine"
"3.9", "deprecated", "typing.Counter"
"3.9", "deprecated", "typing.DefaultDict"
"3.9", "deprecated", "typing.Deque"
"3.9", "deprecated", "typing.Dict"
"3.9", "deprecated", "typing.FrozenSet"
"3.9", "deprecated", "typing.Generator"
"3.9", "deprecated", "typing.ItemsView"
"3.9", "deprecated", "typing.Iterable"
"3.9", "deprecated", "typing.Iterator"
"3.9", "deprecated", "typing.KeysView"
"3.9", "deprecated", "typing.List"
"3.9", "deprecated", "typing.Mapping"
"3.9", "deprecated", "typing.MappingView"
"3.9", "deprecated", "typing.MutableMapping"
"3.9", "deprecated", "typing.MutableSequence"
"3.9", "deprecated", "typing.MutableSet"
"3.9", "deprecated", "typing.OrderedDict"
"3.9", "deprecated", "typing.Reversible"
"3.9", "deprecated", "typing.Sequence"
"3.9", "deprecated", "typing.Set"
"3.9", "deprecated", "typing.Tuple"
"3.9", "deprecated", "typing.Type"
"3.9", "deprecated", "typing.ValuesView"
"3.10", "added", "abc.update_abstractmethods"
"3.10", "added", "base64.b32hexdecode"
"3.10", "added", "base64.b32hexencode"
"3.10", "added", "codecs.unregister"
"3.10", "added", "contextlib.AsyncContextDecorator"
"3.10", "added", "contextlib.aclosing"
"3.10", "added", "curses.has_extended_color_support"
"3.10", "added", "dataclasses.KW_ONLY"
"3.10", "added", "fcntl.F_GETPIPE_SZ"
"3.10", "added", "fcntl.F_SETPIPE_SZ"
"3.10", "added", "importlib.metadata.packages_distributions"
"3.10", "added", "inspect.get_annotations"
"3.10", "added", "io.text_encoding"
"3.10", "added", "itertools.pairwise"
"3.10", "added", "locale.localize"
"3.10", "added", "mmap.MAP_POPULATE"
"3.10", "added", "os.EFD_CLOEXEC"
"3.10", "added", "os.EFD_NONBLOCK"
"3.10", "added", "os.EFD_SEMAPHORE"
"3.10", "added", "os.O_EVTONLY"
"3.10", "added", "os.O_FSYNC"
"3.10", "added", "os.O_NOFOLLOW_ANY"
"3.10", "added", "os.O_SYMLINK"
"3.10", "added", "os.RWF_APPEND"
"3.10", "added", "os.SPLICE_F_MORE"
"3.10", "added", "os.SPLICE_F_MOVE"
"3.10", "added", "os.SPLICE_F_NONBLOCK"
"3.10", "added", "os.eventfd"
"3.10", "added", "os.eventfd_read"
"3.10", "added", "os.eventfd_write"
"3.10", "added", "os.splice"
"3.10", "added", "platform.freedesktop_os_release"
"3.10", "added", "resource.RLIMIT_KQUEUES"
"3.10", "added", "ssl.OP_IGNORE_UNEXPECTED_EOF"
"3.10", "added", "ssl.VERIFY_ALLOW_PROXY_CERTS"
"3.10", "added", "ssl.VERIFY_X509_PARTIAL_CHAIN"
"3.10", "added", "statistics.correlation"
"3.10", "added", "statistics.covariance"
"3.10", "added", "statistics.linear_regression"
"3.10", "added", "sys.orig_argv"
"3.10", "added", "sys.stdlib_module_names"
"3.10", "added", "sysconfig._get_preferred_schemes"
"3.10", "added", "sysconfig.get_default_scheme"
"3.10", "added", "sysconfig.get_preferred_scheme"
"3.10", "added", "test.support.check_disallow_instantiation"
"3.10", "added", "test.support.import_helper"
"3.10", "added", "test.support.os_helper"
"3.10", "added", "test.support.skip_if_broken_multiprocessing_synchronize"
"3.10", "added", "test.support.threading_helper"
"3.10", "added", "test.support.warnings_helper"
"3.10", "added", "threading.__excepthook__"
"3.10", "added", "threading.getprofile"
"3.10", "added", "threading.gettrace"
"3.10", "added", "types.EllipsisType"
"3.10", "added", "types.NoneType"
"3.10", "added", "types.NotImplementedType"
"3.10", "added", "types.UnionType"
"3.10", "added", "typing.Concatenate"
"3.10", "added", "typing.ParamSpec"
"3.10", "added", "typing.ParamSpecArgs"
"3.10", "added", "typing.ParamSpecKwargs"
"3.10", "added", "typing.TypeAlias"
"3.10", "added", "typing.TypeGuard"
"3.10", "added", "typing.is_typeddict"
"3.10", "added", "xml.sax.handler.LexicalHandler"
"3.10", "deprecated", "distutils"
"3.10", "deprecated", "fileinput.hook_encoded"
"3.10", "deprecated", "ssl.PROTOCOL_TLS"
"3.10", "deprecated", "ssl.TLSVersion.SSLv3"
"3.10", "deprecated", "ssl.TLSVersion.TLSv1"
"3.10", "deprecated", "ssl.TLSVersion.TLSv1_1"
"3.11", "added", "asyncio.Barrier"
"3.11", "added", "asyncio.BrokenBarrierError"
"3.11", "added", "asyncio.Runner"
"3.11", "added", "asyncio.TaskGroup"
"3.11", "added", "asyncio.Timeout"
"3.11", "added", "asyncio.timeout"
"3.11", "added", "asyncio.timeout_at"
"3.11", "added", "contextlib.chdir"
"3.11", "added", "ctypes.BigEndianUnion"
"3.11", "added", "ctypes.LittleEndianUnion"
"3.11", "added", "datetime.UTC"
"3.11", "added", "dis.Positions"
"3.11", "added", "enum.EnumCheck"
"3.11", "added", "enum.EnumType"
"3.11", "added", "enum.FlagBoundary"
"3.11", "added", "enum.ReprEnum"
"3.11", "added", "enum.StrEnum"
"3.11", "added", "enum.global_enum"
"3.11", "added", "enum.member"
"3.11", "added", "enum.nonmember"
"3.11", "added", "enum.property"
"3.11", "added", "enum.show_flag_values"
"3.11", "added", "enum.verify"
"3.11", "added", "errno.EQFULL"
"3.11", "added", "fcntl.F_DUP2FD"
"3.11", "added", "fcntl.F_DUP2FD_CLOEXEC"
"3.11", "added", "hashlib.file_digest"
"3.11", "added", "http.HTTPMethod"
"3.11", "added", "importlib.machinery.NamespaceLoader"
"3.11", "added", "importlib.resources.abc"
"3.11", "added", "inspect.getmembers_static"
"3.11", "added", "inspect.ismethodwrapper"
"3.11", "added", "locale.getencoding"
"3.11", "added", "logging.getLevelNamesMapping"
"3.11", "added", "math.cbrt"
"3.11", "added", "math.exp2"
"3.11", "added", "mmap.MAP_STACK"
"3.11", "added", "operator.__call__"
"3.11", "added", "operator.call"
"3.11", "added", "os.SF_NOCACHE"
"3.11", "added", "os.login_tty"
"3.11", "added", "re.NOFLAG"
"3.11", "added", "signal.SIGSTKFLT"
"3.11", "added", "socket.LOCAL_CREDS"
"3.11", "added", "socket.LOCAL_CREDS_PERSISTENT"
"3.11", "added", "socket.SCM_CREDS2"
"3.11", "added", "socket.SO_INCOMING_CPU"
"3.11", "added", "socket.TCP_CONNECTION_INFO"
"3.11", "added", "sqlite3.Blob"
"3.11", "added", "string.get_identifiers"
"3.11", "added", "string.is_valid"
"3.11", "added", "subprocess._USE_VFORK"
"3.11", "added", "sys._emscripten_info"
"3.11", "added", "sys.exception"
"3.11", "added", "sys.get_int_max_str_digits"
"3.11", "added", "sys.set_int_max_str_digits"
"3.11", "added", "termios.tcgetwinsize"
"3.11", "added", "termios.tcsetwinsize"
"3.11", "added", "test.support.adjust_int_max_str_digits"
"3.11", "added", "test.support.flush_std_streams"
"3.11", "added", "tomllib"
"3.11", "added", "typing.LiteralString"
"3.11", "added", "typing.Never"
"3.11", "added", "typing.NotRequired"
"3.11", "added", "typing.Required"
"3.11", "added", "typing.Self"
"3.11", "added", "typing.TypeVarTuple"
"3.11", "added", "typing.Unpack"
"3.11", "added", "typing.assert_never"
"3.11", "added", "typing.assert_type"
"3.11", "added", "typing.clear_overloads"
"3.11", "added", "typing.dataclass_transform"
"3.11", "added", "typing.get_overloads"
"3.11", "added", "typing.reveal_type"
"3.11", "added", "unittest.enterModuleContext"
"3.11", "added", "urllib.request.HTTPRedirectHandler.http_error_308"
"3.11", "added", "wsgiref.types"
"3.11", "added", "zipfile.ZipFile.mkdir"
"3.11", "deprecated", "aifc"
"3.11", "deprecated", "audioop"
"3.11", "deprecated", "cgi"
"3.11", "deprecated", "cgitb"
"3.11", "deprecated", "chunk"
"3.11", "deprecated", "imghdr"
"3.11", "deprecated", "importlib.resources.contents"
"3.11", "deprecated", "importlib.resources.is_resource"
"3.11", "deprecated", "importlib.resources.open_binary"
"3.11", "deprecated", "importlib.resources.open_text"
"3.11", "deprecated", "importlib.resources.path"
"3.11", "deprecated", "importlib.resources.read_binary"
"3.11", "deprecated", "importlib.resources.read_text"
"3.11", "deprecated", "locale.getdefaultlocale"
"3.11", "deprecated", "locale.resetlocale"
"3.11", "deprecated", "mailcap"
"3.11", "deprecated", "msilib"
"3.11", "deprecated", "nis"
"3.11", "deprecated", "nntplib"
"3.11", "deprecated", "ossaudiodev"
"3.11", "deprecated", "pipes"
"3.11", "deprecated", "sndhdr"
"3.11", "deprecated", "spwd"
"3.11", "deprecated", "sunau"
"3.11", "deprecated", "telnetlib"
"3.11", "deprecated", "typing.Text"
"3.11", "deprecated", "uu"
"3.11", "deprecated", "xdrlib"
"3.11.1", "added", "errno.ENOTCAPABLE"
"3.12", "added", "dis.hasarg"
"3.12", "added", "inspect.markcoroutinefunction"
"3.12", "added", "math.sumprod"
"3.12", "added", "os.PIDFD_NONBLOCK"
"3.12", "added", "os.path.isjunction"
"3.12", "added", "os.path.isjunction"
"3.12", "added", "os.path.splitroot"
"3.12", "added", "os.path.splitroot"
"3.12", "added", "sys.activate_stack_trampoline"
"3.12", "added", "sys.deactivate_stack_trampoline"
"3.12", "added", "sys.is_stack_trampoline_active"
"3.12", "added", "threading.setprofile_all_threads"
"3.12", "added", "threading.settrace_all_threads"
"3.12", "removed", "asyncchat"
"3.12", "removed", "asyncore"
"3.12", "removed", "distutils"
"3.12", "removed", "imp"
"3.12", "removed", "smtpd"
"3.12", "removed", "sndhdr"
"3.13", "removed", "aifc"
"3.13", "removed", "audioop"
"3.13", "removed", "cgi"
"3.13", "removed", "cgitb"
"3.13", "removed", "chunk"
"3.13", "removed", "imghdr"
"3.13", "removed", "locale.getdefaultlocale"
"3.13", "removed", "locale.resetlocale"
"3.13", "removed", "mailcap"
"3.13", "removed", "msilib"
"3.13", "removed", "nis"
"3.13", "removed", "ossaudiodev"
"3.13", "removed", "pipes"
"3.13", "removed", "spwd"
"3.13", "removed", "sunau"
"3.13", "removed", "telnetlib"
"3.13", "removed", "typing.BinaryIO"
"3.13", "removed", "typing.IO"
"3.13", "removed", "typing.Match"
"3.13", "removed", "typing.Pattern"
"3.13", "removed", "typing.TextIO"
"3.13", "removed", "uu"
"3.13", "removed", "xdrlib"
